Price,Adj Close,Close,High,Low,Open,Volume
2020-01-02 00:00:00+00:00,72.79602051,75.08750153,75.15000153,73.79750061,74.05999756,135480400
2020-01-03 00:00:00+00:00,72.08827972,74.35749817,75.14499664,74.125,74.28749847,146322800
2020-01-06 00:00:00+00:00,72.66270447,74.94999695,74.98999786,73.1875,73.44750214,118387200
2020-01-07 00:00:00+00:00,72.32098389,74.59750366,75.22499847,74.37000275,74.95999908,108872000
2020-01-08 00:00:00+00:00,73.48433685,75.79750061,76.11000061,74.29000092,74.29000092,132079200
2020-01-09 00:00:00+00:00,75.04520416,77.40750122,77.60749817,76.55000305,76.80999756,170108400
2020-01-10 00:00:00+00:00,75.21486664,77.58249664,78.16750336,77.0625,77.65000153,140644800
2020-01-13 00:00:00+00:00,76.82178497,79.23999786,79.26750183,77.78749847,77.91000366,121532000
2020-01-14 00:00:00+00:00,75.78444672,78.16999817,79.39250183,78.04250336,79.17500305,161954400
2020-01-15 00:00:00+00:00,75.45967865,77.83499908,78.875,77.38749695,77.96250153,121923600
2020-01-16 00:00:00+00:00,76.40491486,78.80999756,78.92500305,78.02249908,78.39749908,108829200
2020-01-17 00:00:00+00:00,77.25079346,79.68250275,79.68499756,78.75,79.06749725,137816400
2020-01-21 00:00:00+00:00,76.72728729,79.14250183,79.75499725,79,79.29750061,110843200
2020-01-22 00:00:00+00:00,77.00115204,79.42500305,79.99749756,79.32749939,79.64499664,101832400
2020-01-23 00:00:00+00:00,77.37198639,79.80750275,79.88999939,78.91249847,79.48000336,104472000
2020-01-24 00:00:00+00:00,77.14899445,79.57749939,80.83249664,79.37999725,80.0625,146537600
2020-01-27 00:00:00+00:00,74.88040924,77.23750305,77.94249725,76.22000122,77.51499939,161940000
2020-01-28 00:00:00+00:00,76.99871826,79.42250061,79.59999847,78.04750061,78.15000153,162234000
2020-01-29 00:00:00+00:00,78.61049652,81.08499908,81.96250153,80.34500122,81.11250305,216229200
2020-01-30 00:00:00+00:00,78.4965744,80.96749878,81.02249908,79.6875,80.13500214,126743200
2020-01-31 00:00:00+00:00,75.0161438,77.37750244,80.66999817,77.07250214,80.23249817,199588400
2020-02-03 00:00:00+00:00,74.810112,77.16500092,78.37249756,75.55500031,76.07499695,173788400
2020-02-04 00:00:00+00:00,77.27986145,79.71250153,79.91000366,78.40750122,78.82749939,136616400
2020-02-05 00:00:00+00:00,77.91004181,80.36250305,81.19000244,79.73750305,80.87999725,118826800
2020-02-06 00:00:00+00:00,78.8213501,81.30249786,81.30500031,80.06500244,80.64250183,105425600
2020-02-07 00:00:00+00:00,77.74996948,80.00749969,80.84999847,79.5,80.59249878,117684000
2020-02-10 00:00:00+00:00,78.11922455,80.38749695,80.38749695,78.46250153,78.54499817,109348800
2020-02-11 00:00:00+00:00,77.6479187,79.90249634,80.97499847,79.67749786,80.90000153,94323200
2020-02-12 00:00:00+00:00,79.49188995,81.80000305,81.80500031,80.36750031,80.36750031,113730400
2020-02-13 00:00:00+00:00,78.9258194,81.21749878,81.55500031,80.83750153,81.04750061,94747600
2020-02-14 00:00:00+00:00,78.94525146,81.23750305,81.49500275,80.71250153,81.18499756,80113600
2020-02-18 00:00:00+00:00,77.49971771,79.75,79.9375,78.65249634,78.83999634,152531200
2020-02-19 00:00:00+00:00,78.62213898,80.90499878,81.14250183,80,80,93984000
2020-02-20 00:00:00+00:00,77.81555939,80.07499695,81.16249847,79.55249786,80.65750122,100566000
2020-02-21 00:00:00+00:00,76.05418396,78.26249695,80.11250305,77.625,79.65499878,129554000
2020-02-24 00:00:00+00:00,72.44158936,74.54499817,76.04499817,72.30750275,74.31500244,222195200
2020-02-25 00:00:00+00:00,69.98783875,72.01999664,75.63249969,71.53250122,75.23750305,230673600
2020-02-26 00:00:00+00:00,71.09809113,73.16249847,74.47000122,71.625,71.63249969,198054800
2020-02-27 00:00:00+00:00,66.45054626,68.37999725,71.5,68.23999786,70.27500153,320605600
2020-02-28 00:00:00+00:00,66.4116745,68.33999634,69.60250092,64.09249878,64.31500244,426510000
2020-03-02 00:00:00+00:00,72.5946579,74.70249939,75.36000061,69.43000031,70.56999969,341397200
2020-03-03 00:00:00+00:00,70.28908539,72.33000183,76,71.44999695,75.91750336,319475600
2020-03-04 00:00:00+00:00,73.54942322,75.68499756,75.84999847,73.28250122,74.11000061,219178400
2020-03-05 00:00:00+00:00,71.16370392,73.23000336,74.88749695,72.85250092,73.87999725,187572800
2020-03-06 00:00:00+00:00,70.21864319,72.25749969,72.70500183,70.30750275,70.5,226176800
2020-03-09 00:00:00+00:00,64.66490936,66.54250336,69.52249908,65.75,65.9375,286744800
2020-03-10 00:00:00+00:00,69.32217407,71.33499908,71.61000061,67.34249878,69.28500366,285290000
2020-03-11 00:00:00+00:00,66.9145813,68.85749817,70.30500031,67.96499634,69.34750366,255598800
2020-03-12 00:00:00+00:00,60.30644989,62.05749893,67.5,62,63.98500061,418474000
2020-03-13 00:00:00+00:00,67.5316391,69.49250031,69.98000336,63.23749924,66.22250366,370732000
2020-03-16 00:00:00+00:00,58.84391403,60.55250168,64.76999664,60,60.48749924,322423600
2020-03-17 00:00:00+00:00,61.43129349,63.21500015,64.40249634,59.59999847,61.87749863,324056000
2020-03-18 00:00:00+00:00,59.92745209,61.66749954,62.5,59.27999878,59.94250107,300233600
2020-03-19 00:00:00+00:00,59.46828079,61.19499969,63.20999908,60.65250015,61.84749985,271857200
2020-03-20 00:00:00+00:00,55.69290924,57.31000137,62.95750046,57,61.79499817,401693200
2020-03-23 00:00:00+00:00,54.509758,56.09249878,57.125,53.15250015,57.02000046,336752800
2020-03-24 00:00:00+00:00,59.97847366,61.72000122,61.92250061,58.57500076,59.09000015,287531200
2020-03-25 00:00:00+00:00,59.64806366,61.38000107,64.5625,61.07500076,62.6875,303602000
2020-03-26 00:00:00+00:00,62.78693008,64.61000061,64.66999817,61.59000015,61.63000107,252087200
2020-03-27 00:00:00+00:00,60.18740845,61.93500137,63.96749878,61.76250076,63.1875,204216800
2020-03-30 00:00:00+00:00,61.9050293,63.70249939,63.88000107,62.34999847,62.68500137,167976400
2020-03-31 00:00:00+00:00,61.77870178,63.57249832,65.62249756,63,63.90000153,197002000
2020-04-01 00:00:00+00:00,58.52807999,60.22750092,62.18000031,59.78250122,61.625,176218400
2020-04-02 00:00:00+00:00,59.50473404,61.23249817,61.28749847,59.22499847,60.08499908,165934000
2020-04-03 00:00:00+00:00,58.64955139,60.35250092,61.42499924,59.74250031,60.70000076,129880000
2020-04-06 00:00:00+00:00,63.76600266,65.61750031,65.77749634,62.34500122,62.72499847,201820400
2020-04-07 00:00:00+00:00,63.0274353,64.85749817,67.92500305,64.75,67.69999695,202887200
2020-04-08 00:00:00+00:00,64.64060974,66.51750183,66.84249878,65.30750275,65.68499756,168895200
2020-04-09 00:00:00+00:00,65.10704803,66.99749756,67.51750183,66.17500305,67.17500305,161834800
2020-04-13 00:00:00+00:00,66.38495636,68.3125,68.42500305,66.45749664,67.07749939,131022800
2020-04-14 00:00:00+00:00,69.7375946,71.76249695,72.0625,69.51249695,70,194994800
2020-04-15 00:00:00+00:00,69.10109711,71.10749817,71.58249664,70.15750122,70.59999847,131154400
2020-04-16 00:00:00+00:00,69.65013885,71.67250061,72.05000305,70.58750153,71.84500122,157125200
2020-04-17 00:00:00+00:00,68.70507813,70.69999695,71.73750305,69.21499634,71.17250061,215250000
2020-04-20 00:00:00+00:00,67.27899933,69.23249817,70.41999817,69.21250153,69.48750305,130015200
2020-04-21 00:00:00+00:00,65.19937897,67.09249878,69.3125,66.35749817,69.06999969,180991600
2020-04-22 00:00:00+00:00,67.0773468,69.02500153,69.47499847,68.05000305,68.40249634,116862400
2020-04-23 00:00:00+00:00,66.81739044,68.75749969,70.4375,68.71749878,68.96749878,124814400
2020-04-24 00:00:00+00:00,68.74638367,70.74250031,70.75250244,69.25,69.30000305,126161200
2020-04-27 00:00:00+00:00,68.79499054,70.79250336,71.13500214,69.98750305,70.44999695,117087600
2020-04-28 00:00:00+00:00,67.67984009,69.64499664,71.45749664,69.55000305,71.26999664,112004800
2020-04-29 00:00:00+00:00,69.9028244,71.93250275,72.41750336,70.97250366,71.18250275,137280800
2020-04-30 00:00:00+00:00,71.37747955,73.44999695,73.63249969,72.08750153,72.48999786,183064000
2020-05-01 00:00:00+00:00,70.22836304,72.26750183,74.75,71.46250153,71.5625,240616800
2020-05-04 00:00:00+00:00,71.22199249,73.29000092,73.42250061,71.58000183,72.29250336,133568000
2020-05-05 00:00:00+00:00,72.29096985,74.38999939,75.25,73.61499786,73.76499939,147751200
2020-05-06 00:00:00+00:00,73.0368042,75.15750122,75.80999756,74.71749878,75.11499786,142333600
2020-05-07 00:00:00+00:00,73.7923584,75.93499756,76.29250336,75.49250031,75.80500031,115215200
2020-05-08 00:00:00+00:00,75.54876709,77.53250122,77.58750153,76.07250214,76.41000366,133838400
2020-05-11 00:00:00+00:00,76.73756409,78.75250244,79.26249695,76.80999756,77.02500153,145946400
2020-05-12 00:00:00+00:00,75.86055756,77.85250092,79.92250061,77.72750092,79.45749664,162301200
2020-05-13 00:00:00+00:00,74.9446106,76.91249847,78.98750305,75.80249786,78.03749847,200622400
2020-05-14 00:00:00+00:00,75.40504456,77.38500214,77.44750214,75.38249969,76.12750244,158929200
2020-05-15 00:00:00+00:00,74.95922089,76.92749786,76.97499847,75.05249786,75.08750153,166348400
2020-05-18 00:00:00+00:00,76.72534943,78.73999786,79.125,77.58000183,78.29250336,135178400
2020-05-19 00:00:00+00:00,76.28199005,78.28500366,79.62999725,78.25250244,78.75749969,101729600
2020-05-20 00:00:00+00:00,77.76556396,79.80750275,79.87999725,79.12999725,79.16999817,111504800
2020-05-21 00:00:00+00:00,77.18577576,79.21250153,80.22250366,78.96749878,79.66500092,102688800
2020-05-22 00:00:00+00:00,77.68273926,79.72250366,79.80750275,78.83750153,78.94249725,81803200
2020-05-26 00:00:00+00:00,77.15652466,79.18250275,81.05999756,79.125,80.875,125522000
2020-05-27 00:00:00+00:00,77.49269867,79.52749634,79.67749786,78.27249908,79.03500366,112945200
2020-05-28 00:00:00+00:00,77.52681732,79.5625,80.86000061,78.90750122,79.19249725,133560800
2020-05-29 00:00:00+00:00,77.45129395,79.48500061,80.28749847,79.11750031,79.8125,153532400
2020-06-01 00:00:00+00:00,78.40377808,80.46250153,80.58750153,79.30249786,79.4375,80791200
2020-06-02 00:00:00+00:00,78.76676178,80.83499908,80.86000061,79.73249817,80.1875,87642800
2020-06-03 00:00:00+00:00,79.20036316,81.27999878,81.55000305,80.57499695,81.16500092,104491200
2020-06-04 00:00:00+00:00,78.51828766,80.58000183,81.40499878,80.19499969,81.09750366,87560400
2020-06-05 00:00:00+00:00,80.75455475,82.875,82.9375,80.80750275,80.83750153,137250400
2020-06-08 00:00:00+00:00,81.23202515,83.36499786,83.40000153,81.83000183,82.5625,95654400
2020-06-09 00:00:00+00:00,83.79718018,85.99749756,86.40249634,83.00250244,83.03500366,147712400
2020-06-10 00:00:00+00:00,85.95306396,88.20999908,88.69249725,86.52249908,86.97499847,166651600
2020-06-11 00:00:00+00:00,81.82640839,83.97499847,87.76499939,83.87000275,87.32749939,201662400
2020-06-12 00:00:00+00:00,82.5328598,84.69999695,86.94999695,83.55500031,86.18000031,200146000
2020-06-15 00:00:00+00:00,83.55357361,85.74749756,86.41999817,83.14499664,83.3125,138808800
2020-06-16 00:00:00+00:00,85.76791382,88.01999664,88.30000305,86.18000031,87.86499786,165428800
2020-06-17 00:00:00+00:00,85.6485672,87.89749908,88.84999847,87.77249908,88.78749847,114406400
2020-06-18 00:00:00+00:00,85.68266296,87.93250275,88.36250305,87.30500031,87.85250092,96820400
2020-06-19 00:00:00+00:00,85.19300842,87.43000031,89.13999939,86.28749847,88.66000366,264476000
2020-06-22 00:00:00+00:00,87.42198944,89.71749878,89.86499786,87.78749847,87.83499908,135445200
2020-06-23 00:00:00+00:00,89.28798676,91.63249969,93.09500122,90.56749725,91,212155600
2020-06-24 00:00:00+00:00,87.71188354,90.01499939,92.19750214,89.62999725,91.25,192623200
2020-06-25 00:00:00+00:00,88.87631226,91.20999908,91.25,89.39250183,90.17500305,137522400
2020-06-26 00:00:00+00:00,86.14550781,88.40750122,91.33000183,88.25499725,91.10250092,205256800
2020-06-29 00:00:00+00:00,88.13088226,90.44499969,90.54250336,87.81999969,88.3125,130646000
2020-06-30 00:00:00+00:00,88.86655426,91.19999695,91.49500275,90,90.01999664,140223200
2020-07-01 00:00:00+00:00,88.69846344,91.02749634,91.83999634,90.97750092,91.27999878,110737200
2020-07-02 00:00:00+00:00,88.69846344,91.02749634,92.61750031,90.91000366,91.96250153,114041600
2020-07-06 00:00:00+00:00,91.07115936,93.46250153,93.94499969,92.46749878,92.5,118655600
2020-07-07 00:00:00+00:00,90.78857422,93.17250061,94.65499878,93.05750275,93.85250092,112424400
2020-07-08 00:00:00+00:00,92.90306091,95.34249878,95.375,94.08999634,94.18000031,117092000
2020-07-09 00:00:00+00:00,93.30258179,95.75250244,96.31749725,94.67250061,96.26249695,125642800
2020-07-10 00:00:00+00:00,93.46579742,95.91999817,95.98000336,94.70500183,95.33499908,90257200
2020-07-13 00:00:00+00:00,93.03460693,95.47750092,99.95500183,95.25749969,97.26499939,191649200
2020-07-14 00:00:00+00:00,94.57420349,97.05750275,97.25499725,93.87750244,94.83999634,170989200
2020-07-15 00:00:00+00:00,95.22460938,97.72499847,99.24749756,96.48999786,98.98999786,153198000
2020-07-16 00:00:00+00:00,94.05288696,96.52249908,97.40499878,95.90499878,96.5625,110577600
2020-07-17 00:00:00+00:00,93.86286163,96.32749939,97.14749908,95.83999634,96.98750305,92186800
2020-07-20 00:00:00+00:00,95.84091187,98.35749817,98.5,96.0625,96.41750336,90318000
2020-07-21 00:00:00+00:00,94.51815796,97,99.25,96.74250031,99.17250061,103433200
2020-07-22 00:00:00+00:00,94.78368378,97.27249908,97.97499847,96.60250092,96.69249725,89001600
2020-07-23 00:00:00+00:00,90.4694519,92.84500122,97.07749939,92.01000214,96.99749756,197004400
2020-07-24 00:00:00+00:00,90.24536133,92.61499786,92.97000122,89.14499664,90.98750305,185438800
2020-07-27 00:00:00+00:00,92.38417053,94.80999756,94.90499878,93.48000336,93.70999908,121214000
2020-07-28 00:00:00+00:00,90.86654663,93.25250244,94.55000305,93.24749756,94.36750031,103625600
2020-07-29 00:00:00+00:00,92.60830688,95.04000092,95.23000336,93.71250153,93.75,90329200
2020-07-30 00:00:00+00:00,93.72888184,96.19000244,96.29750061,93.76750183,94.1875,158130000
2020-07-31 00:00:00+00:00,103.5412216,106.2600021,106.4150009,100.8249969,102.8850021,374336800
2020-08-03 00:00:00+00:00,106.150238,108.9375,111.6374969,107.8925018,108.1999969,308151200
2020-08-04 00:00:00+00:00,106.8591156,109.6650009,110.7900009,108.3874969,109.1324997,173071600
2020-08-05 00:00:00+00:00,107.2464371,110.0625,110.3925018,108.8974991,109.3775024,121776800
2020-08-06 00:00:00+00:00,110.9881821,113.9024963,114.4124985,109.7975006,110.4049988,202428800
2020-08-07 00:00:00+00:00,108.4647827,111.1125031,113.6750031,110.2925034,113.2050018,198045600
2020-08-10 00:00:00+00:00,110.0413132,112.7275009,113.7750015,110,112.5999985,212403600
2020-08-11 00:00:00+00:00,106.7686844,109.375,112.4824982,109.1074982,111.9700012,187902400
2020-08-12 00:00:00+00:00,110.3170776,113.0100021,113.2750015,110.2975006,110.4974976,165598000
2020-08-13 00:00:00+00:00,112.2694016,115.0100021,116.0425034,113.9274979,114.4300003,210082000
2020-08-14 00:00:00+00:00,112.1693649,114.9075012,115,113.0449982,114.8300018,165565200
2020-08-17 00:00:00+00:00,111.8764954,114.6074982,116.0875015,113.9625015,116.0625,119561600
2020-08-18 00:00:00+00:00,112.8087387,115.5625,116,114.0074997,114.3525009,105633600
2020-08-19 00:00:00+00:00,112.9502869,115.7074966,117.1624985,115.6100006,115.9824982,145538000
2020-08-20 00:00:00+00:00,115.4565964,118.2750015,118.3925018,115.7324982,115.75,126907200
2020-08-21 00:00:00+00:00,121.4063568,124.3700027,124.8675003,119.25,119.2624969,338054800
2020-08-24 00:00:00+00:00,122.8584137,125.8574982,128.7850037,123.9375,128.6974945,345937600
2020-08-25 00:00:00+00:00,121.8505402,124.8249969,125.1800003,123.0524979,124.6975021,211495600
2020-08-26 00:00:00+00:00,123.507576,126.5224991,126.9925003,125.0824966,126.1800003,163022400
2020-08-27 00:00:00+00:00,122.0311203,125.0100021,127.4850006,123.8324966,127.1425018,155552400
2020-08-28 00:00:00+00:00,121.8334427,124.8075027,126.4424973,124.5774994,126.0124969,187630000
2020-08-31 00:00:00+00:00,125.9650803,129.0399933,131,126,127.5800018,225702700
2020-09-01 00:00:00+00:00,130.9825897,134.1799927,134.8000031,130.5299988,132.7599945,151948100
2020-09-02 00:00:00+00:00,128.2688141,131.3999939,137.9799957,127,137.5899963,200119000
2020-09-03 00:00:00+00:00,117.999527,120.8799973,128.8399963,120.5,126.9100037,257599600
2020-09-04 00:00:00+00:00,118.0776215,120.9599991,123.6999969,110.8899994,120.0699997,332607200
2020-09-08 00:00:00+00:00,110.1315994,112.8199997,118.9899979,112.6800003,113.9499969,231366600
2020-09-09 00:00:00+00:00,114.5243759,117.3199997,119.1399994,115.2600021,117.2600021,176940500
2020-09-10 00:00:00+00:00,110.7856216,113.4899979,120.5,112.5,120.3600006,182274400
2020-09-11 00:00:00+00:00,109.3311234,112,115.2300034,110,114.5699997,180860300
2020-09-14 00:00:00+00:00,112.6110611,115.3600006,115.9300003,112.8000031,114.7200012,140150100
2020-09-15 00:00:00+00:00,112.7867737,115.5400009,118.8300018,113.6100006,118.3300018,184642000
2020-09-16 00:00:00+00:00,109.4580383,112.1299973,116,112.0400009,115.2300034,154679000
2020-09-17 00:00:00+00:00,107.7106857,110.3399963,112.1999969,108.7099991,109.7200012,178011000
2020-09-18 00:00:00+00:00,104.2941055,106.8399963,110.8799973,106.0899963,110.4000015,287104900
2020-09-21 00:00:00+00:00,107.4568787,110.0800018,110.1900024,103.0999985,104.5400009,195713800
2020-09-22 00:00:00+00:00,109.1456604,111.8099976,112.8600006,109.1600037,112.6800003,183055400
2020-09-23 00:00:00+00:00,104.5674286,107.1200027,112.1100006,106.7699966,111.6200027,150718700
2020-09-24 00:00:00+00:00,105.6411972,108.2200012,110.25,105,105.1699982,167743300
2020-09-25 00:00:00+00:00,109.6044769,112.2799988,112.4400024,107.6699982,108.4300003,149981400
2020-09-28 00:00:00+00:00,112.2205963,114.9599991,115.3199997,112.7799988,115.0100021,137672400
2020-09-29 00:00:00+00:00,111.3713303,114.0899963,115.3099976,113.5699997,114.5500031,99382200
2020-09-30 00:00:00+00:00,113.0503387,115.8099976,117.2600021,113.6200027,113.7900009,142675200
2020-10-01 00:00:00+00:00,114.0070038,116.7900009,117.7200012,115.8300018,117.6399994,116120400
2020-10-02 00:00:00+00:00,110.3268204,113.0199966,115.3700027,112.2200012,112.8899994,144712000
2020-10-05 00:00:00+00:00,113.7238998,116.5,116.6500015,113.5500031,113.9100037,106243800
2020-10-06 00:00:00+00:00,110.4635086,113.1600037,116.1200027,112.25,115.6999969,161498200
2020-10-07 00:00:00+00:00,112.3377457,115.0800018,115.5500031,114.1299973,114.6200027,96849000
2020-10-08 00:00:00+00:00,112.2303772,114.9700012,116.4000015,114.5899963,116.25,83477200
2020-10-09 00:00:00+00:00,114.1827164,116.9700012,117,114.9199982,115.2799988,100506900
2020-10-12 00:00:00+00:00,121.4356537,124.4000015,125.1800003,119.2799988,120.0599976,240226800
2020-10-13 00:00:00+00:00,118.2142868,121.0999985,125.3899994,119.6500015,125.2699966,262330500
2020-10-14 00:00:00+00:00,118.3021393,121.1900024,123.0299988,119.6200027,121,150712000
2020-10-15 00:00:00+00:00,117.8335876,120.7099991,121.1999969,118.1500015,118.7200012,112559200
2020-10-16 00:00:00+00:00,116.1838531,119.0199966,121.5500031,118.8099976,121.2799988,115393800
2020-10-19 00:00:00+00:00,113.2162933,115.9800034,120.4199982,115.6600037,119.9599991,120639300
2020-10-20 00:00:00+00:00,114.7098465,117.5100021,118.9800034,115.6299973,116.1999969,124423700
2020-10-21 00:00:00+00:00,114.085083,116.8700027,118.7099991,116.4499969,116.6699982,89946000
2020-10-22 00:00:00+00:00,112.9917755,115.75,118.0400009,114.5899963,117.4499969,101988000
2020-10-23 00:00:00+00:00,112.2986908,115.0400009,116.5500031,114.2799988,116.3899994,82572600
2020-10-26 00:00:00+00:00,112.3084793,115.0500031,116.5500031,112.8799973,114.0100021,111850700
2020-10-27 00:00:00+00:00,113.8215179,116.5999985,117.2799988,114.5400009,115.4899979,92276800
2020-10-28 00:00:00+00:00,108.5501938,111.1999969,115.4300003,111.0999985,115.0500031,143937800
2020-10-29 00:00:00+00:00,112.5720215,115.3199997,116.9300003,112.1999969,112.3700027,146129200
2020-10-30 00:00:00+00:00,106.265976,108.8600006,111.9899979,107.7200012,111.0599976,190272600
2020-11-02 00:00:00+00:00,106.1781082,108.7699966,110.6800003,107.3199997,109.1100006,122866900
2020-11-03 00:00:00+00:00,107.8083191,110.4400024,111.4899979,108.7300034,109.6600037,107624400
2020-11-04 00:00:00+00:00,112.2108307,114.9499969,115.5899963,112.3499985,114.1399994,138235500
2020-11-05 00:00:00+00:00,116.1936111,119.0299988,119.6200027,116.8700027,117.9499969,126387100
2020-11-06 00:00:00+00:00,116.0615997,118.6900024,119.1999969,116.1299973,118.3199997,114457900
2020-11-09 00:00:00+00:00,113.7441025,116.3199997,121.9899979,116.0500031,120.5,154515300
2020-11-10 00:00:00+00:00,113.4018402,115.9700012,117.5899963,114.1299973,115.5500031,138023400
2020-11-11 00:00:00+00:00,116.8438873,119.4899979,119.6299973,116.4400024,117.1900024,112295000
2020-11-12 00:00:00+00:00,116.5700912,119.2099991,120.5299988,118.5699997,119.6200027,103162300
2020-11-13 00:00:00+00:00,116.618988,119.2600021,119.6699982,117.8700027,119.4400024,81581900
2020-11-16 00:00:00+00:00,117.6359711,120.3000031,120.9899979,118.1500015,118.9199982,91183000
2020-11-17 00:00:00+00:00,116.7461166,119.3899994,120.6699982,118.9599991,119.5500031,74271000
2020-11-18 00:00:00+00:00,115.4162216,118.0299988,119.8199997,118,118.6100006,76322100
2020-11-19 00:00:00+00:00,116.0127029,118.6399994,119.0599976,116.8099976,117.5899963,74113000
2020-11-20 00:00:00+00:00,114.7414932,117.3399963,118.7699966,117.2900009,118.6399994,73604300
2020-11-23 00:00:00+00:00,111.3287888,113.8499985,117.6200027,113.75,117.1800003,127959300
2020-11-24 00:00:00+00:00,112.6195602,115.1699982,115.8499985,112.5899963,113.9100037,113874200
2020-11-25 00:00:00+00:00,113.4605179,116.0299988,116.75,115.1699982,115.5500031,76499200
2020-11-27 00:00:00+00:00,114.0081177,116.5899963,117.4899979,116.2200012,116.5699997,46691300
2020-11-30 00:00:00+00:00,116.4136276,119.0500031,120.9700012,116.8099976,116.9700012,169410200
2020-12-01 00:00:00+00:00,120.0023651,122.7200012,123.4700012,120.0100021,121.0100021,127728200
2020-12-02 00:00:00+00:00,120.3544006,123.0800018,123.3700027,120.8899994,122.0199966,89004200
2020-12-03 00:00:00+00:00,120.2174911,122.9400024,123.7799988,122.2099991,123.5199966,78967600
2020-12-04 00:00:00+00:00,119.5427704,122.25,122.8600006,121.5199966,122.5999985,78260400
2020-12-07 00:00:00+00:00,121.0095444,123.75,124.5699997,122.25,122.3099976,86712000
2020-12-08 00:00:00+00:00,121.6256104,124.3799973,124.9800034,123.0899963,124.3700027,82225500
2020-12-09 00:00:00+00:00,119.0831833,121.7799988,125.9499969,121,124.5299988,115089200
2020-12-10 00:00:00+00:00,120.5108566,123.2399979,123.8700027,120.1500015,120.5,81312200
2020-12-11 00:00:00+00:00,119.6992416,122.4100037,122.7600021,120.5500031,122.4300003,86939800
2020-12-14 00:00:00+00:00,119.0831833,121.7799988,123.3499985,121.5400009,122.5999985,79184500
2020-12-15 00:00:00+00:00,125.0480804,127.8799973,127.9000015,124.1299973,124.3399963,157243700
2020-12-16 00:00:00+00:00,124.9796524,127.8099976,128.3699951,126.5599976,127.4100037,98208600
2020-12-17 00:00:00+00:00,125.8499527,128.6999969,129.5800018,128.0399933,128.8999939,94359800
2020-12-18 00:00:00+00:00,123.8551102,126.6600037,129.1000061,126.1200027,128.9600067,192541500
2020-12-21 00:00:00+00:00,125.3903351,128.2299957,128.3099976,123.4499969,125.0199966,121251600
2020-12-22 00:00:00+00:00,128.9595337,131.8800049,134.4100037,129.6499939,131.6100006,168904800
2020-12-23 00:00:00+00:00,128.059906,130.9600067,132.4299927,130.7799988,132.1600037,88223700
2020-12-24 00:00:00+00:00,129.0474854,131.9700012,133.4600067,131.1000061,131.3200073,54930100
2020-12-28 00:00:00+00:00,133.6629639,136.6900024,137.3399963,133.5099945,133.9900055,124486200
2020-12-29 00:00:00+00:00,131.8832855,134.8699951,138.7899933,134.3399963,138.0500031,121047300
2020-12-30 00:00:00+00:00,130.7587585,133.7200012,135.9900055,133.3999939,135.5800018,96452100
2020-12-31 00:00:00+00:00,129.7515411,132.6900024,134.7400055,131.7200012,134.0800018,99116600
2021-01-04 00:00:00+00:00,126.5442123,129.4100037,133.6100006,126.7600021,133.5200043,143301900
2021-01-05 00:00:00+00:00,128.1087799,131.0099945,131.7400055,128.4299927,128.8899994,97664900
2021-01-06 00:00:00+00:00,123.7964478,126.5999985,131.0500031,126.3799973,127.7200012,155088000
2021-01-07 00:00:00+00:00,128.0207672,130.9199982,131.6300049,127.8600006,128.3600006,109578200
2021-01-08 00:00:00+00:00,129.1257477,132.0500031,132.6300049,130.2299957,132.4299927,105158200
2021-01-11 00:00:00+00:00,126.1237335,128.9799957,130.1699982,128.5,129.1900024,100384500
2021-01-12 00:00:00+00:00,125.9477158,128.8000031,129.6900024,126.8600006,128.5,91951100
2021-01-13 00:00:00+00:00,127.9914398,130.8899994,131.4499969,128.4900055,128.7599945,88636800
2021-01-14 00:00:00+00:00,126.0552902,128.9100037,131,128.7599945,130.8000031,90221800
2021-01-15 00:00:00+00:00,124.3244781,127.1399994,130.2200012,127,128.7799988,111598500
2021-01-19 00:00:00+00:00,124.9992218,127.8300018,128.7100067,126.9400024,127.7799988,90757300
2021-01-20 00:00:00+00:00,129.1062164,132.0299988,132.4900055,128.5500031,128.6600037,104319500
2021-01-21 00:00:00+00:00,133.8390198,136.8699951,139.6699982,133.5899963,133.8000031,120150900
2021-01-22 00:00:00+00:00,135.9903107,139.0700073,139.8500061,135.0200043,136.2799988,114459400
2021-01-25 00:00:00+00:00,139.7549896,142.9199982,145.0899963,136.5399933,143.0700073,157611700
2021-01-26 00:00:00+00:00,139.9897156,143.1600037,144.3000031,141.3699951,143.6000061,98390600
2021-01-27 00:00:00+00:00,138.914093,142.0599976,144.3000031,140.4100037,143.4299927,140843800
2021-01-28 00:00:00+00:00,134.0541534,137.0899963,141.9900055,136.6999969,139.5200043,142621100
2021-01-29 00:00:00+00:00,129.037735,131.9600067,136.7400055,130.2100067,135.8300018,177523800
2021-02-01 00:00:00+00:00,131.1694794,134.1399994,135.3800049,130.9299927,133.75,106239800
2021-02-02 00:00:00+00:00,132.0006256,134.9900055,136.3099976,134.6100006,135.7299957,83305400
2021-02-03 00:00:00+00:00,130.973877,133.9400024,135.7700043,133.6100006,135.7599945,89880900
2021-02-04 00:00:00+00:00,134.3475037,137.3899994,137.3999939,134.5899963,136.3000031,84183100
2021-02-05 00:00:00+00:00,133.9312592,136.7599945,137.4199982,135.8600006,137.3500061,75693800
2021-02-08 00:00:00+00:00,134.078186,136.9100037,136.9600067,134.9199982,136.0299988,71297200
2021-02-09 00:00:00+00:00,133.1967773,136.0099945,137.8800049,135.8500061,136.6199951,76774200
2021-02-10 00:00:00+00:00,132.5896301,135.3899994,136.9900055,134.3999939,136.4799957,73046600
2021-02-11 00:00:00+00:00,132.3349762,135.1300049,136.3899994,133.7700043,135.8999939,64280000
2021-02-12 00:00:00+00:00,132.5700226,135.3699951,135.5299988,133.6900024,134.3500061,60145100
2021-02-16 00:00:00+00:00,130.4351349,133.1900024,136.0099945,132.7899933,135.4900055,80576300
2021-02-17 00:00:00+00:00,128.1337128,130.8399963,132.2200012,129.4700012,131.25,97918500
2021-02-18 00:00:00+00:00,127.0271072,129.7100067,130,127.4100037,129.1999969,96856700
2021-02-19 00:00:00+00:00,127.1837616,129.8699951,130.7100067,128.8000031,130.2400055,87668800
2021-02-22 00:00:00+00:00,123.3938522,126,129.7200012,125.5999985,128.0099945,103916400
2021-02-23 00:00:00+00:00,123.2567444,125.8600006,126.7099991,118.3899994,123.7600021,158273000
2021-02-24 00:00:00+00:00,122.7572937,125.3499985,125.5599976,122.2300034,124.9400024,111039900
2021-02-25 00:00:00+00:00,118.4874573,120.9899979,126.4599991,120.5400009,124.6800003,148199500
2021-02-26 00:00:00+00:00,118.7518768,121.2600021,124.8499985,121.1999969,122.5899963,164560400
2021-03-01 00:00:00+00:00,125.1468124,127.7900009,127.9300003,122.7900009,123.75,116307900
2021-03-02 00:00:00+00:00,122.5320587,125.1200027,128.7200012,125.0100021,128.4100037,102260900
2021-03-03 00:00:00+00:00,119.535347,122.0599976,125.7099991,121.8399963,124.8099976,112966300
2021-03-04 00:00:00+00:00,117.645256,120.1299973,123.5999985,118.6200027,121.75,178155000
2021-03-05 00:00:00+00:00,118.9085617,121.4199982,121.9400024,117.5699997,120.9800034,153766600
2021-03-08 00:00:00+00:00,113.9532394,116.3600006,121,116.2099991,120.9300003,154376600
2021-03-09 00:00:00+00:00,118.5853958,121.0899963,122.0599976,118.7900009,119.0299988,129525800
2021-03-10 00:00:00+00:00,117.4983673,119.9800034,122.1699982,119.4499969,121.6900024,111943300
2021-03-11 00:00:00+00:00,119.4374084,121.9599991,123.2099991,121.2600021,122.5400009,103026500
2021-03-12 00:00:00+00:00,118.5266266,121.0299988,121.1699982,119.1600037,120.4000015,88105100
2021-03-15 00:00:00+00:00,121.425415,123.9899979,124,120.4199982,121.4100037,92403800
2021-03-16 00:00:00+00:00,122.9727325,125.5699997,127.2200012,124.7200012,125.6999969,115227900
2021-03-17 00:00:00+00:00,122.1795044,124.7600021,125.8600006,122.3399963,124.0500031,111932600
2021-03-18 00:00:00+00:00,118.036972,120.5299988,123.1800003,120.3199997,122.8799973,121229700
2021-03-19 00:00:00+00:00,117.5081406,119.9899979,121.4300003,119.6800003,119.9000015,185549500
2021-03-22 00:00:00+00:00,120.837822,123.3899994,123.8700027,120.2600021,120.3300018,111912300
2021-03-23 00:00:00+00:00,120.0054016,122.5400009,124.2399979,122.1399994,123.3300018,95467100
2021-03-24 00:00:00+00:00,117.6060791,120.0899963,122.9000015,120.0699997,122.8199997,88530500
2021-03-25 00:00:00+00:00,118.0957413,120.5899963,121.6600037,119,119.5400009,98844700
2021-03-26 00:00:00+00:00,118.702919,121.2099991,121.4800034,118.9199982,120.3499985,94071200
2021-03-29 00:00:00+00:00,118.8791885,121.3899994,122.5800018,120.7300034,121.6500015,80819200
2021-03-30 00:00:00+00:00,117.4200211,119.9000015,120.4000015,118.8600006,120.1100006,85671900
2021-03-31 00:00:00+00:00,119.6234818,122.1500015,123.5199966,121.1500015,121.6500015,118323800
2021-04-01 00:00:00+00:00,120.4558945,123,124.1800003,122.4899979,123.6600037,75089100
2021-04-05 00:00:00+00:00,123.2958984,125.9000015,126.1600037,123.0699997,123.8700027,88651200
2021-04-06 00:00:00+00:00,123.5995178,126.2099991,127.1299973,125.6500015,126.5,80171300
2021-04-07 00:00:00+00:00,125.2545395,127.9000015,127.9199982,125.1399994,125.8300018,83466700
2021-04-08 00:00:00+00:00,127.6636658,130.3600006,130.3899994,128.5200043,128.9499969,88844600
2021-04-09 00:00:00+00:00,130.2490387,133,133.0399933,129.4700012,129.8000031,106686700
2021-04-12 00:00:00+00:00,128.5254822,131.2400055,132.8500061,130.6300049,132.5200043,91420000
2021-04-13 00:00:00+00:00,131.6494904,134.4299927,134.6600037,131.9299927,132.4400024,91266500
2021-04-14 00:00:00+00:00,129.299118,132.0299988,135,131.6600037,134.9400024,87222800
2021-04-15 00:00:00+00:00,131.7180328,134.5,135,133.6399994,133.8200073,89347100
2021-04-16 00:00:00+00:00,131.3850708,134.1600037,134.6699982,133.2799988,134.3000031,84922400
2021-04-19 00:00:00+00:00,132.0509644,134.8399963,135.4700012,133.3399963,133.5099945,94264200
2021-04-20 00:00:00+00:00,130.356781,133.1100006,135.5299988,131.8099976,135.0200043,94812300
2021-04-21 00:00:00+00:00,130.738739,133.5,133.75,131.3000031,132.3600006,68847100
2021-04-22 00:00:00+00:00,129.2109528,131.9400024,134.1499939,131.4100037,133.0399933,84566500
2021-04-23 00:00:00+00:00,131.5417786,134.3200073,135.1199951,132.1600037,132.1600037,78657500
2021-04-26 00:00:00+00:00,131.9334717,134.7200012,135.0599976,133.5599976,134.8300018,66905100
2021-04-27 00:00:00+00:00,131.6102905,134.3899994,135.4100037,134.1100006,135.0099945,66015800
2021-04-28 00:00:00+00:00,130.8170624,133.5800018,135.0200043,133.0800018,134.3099976,107760100
2021-04-29 00:00:00+00:00,130.7191162,133.4799957,137.0700073,132.4499969,136.4700012,151101000
2021-04-30 00:00:00+00:00,128.7409058,131.4600067,133.5599976,131.0700073,131.7799988,109839500
2021-05-03 00:00:00+00:00,129.7985687,132.5399933,134.0700073,131.8300018,132.0399933,75135100
2021-05-04 00:00:00+00:00,125.205574,127.8499985,131.4900055,126.6999969,131.1900024,137564700
2021-05-05 00:00:00+00:00,125.4504242,128.1000061,130.4499969,127.9700012,129.1999969,84000900
2021-05-06 00:00:00+00:00,127.056488,129.7400055,129.75,127.1299973,127.8899994,78128300
2021-05-07 00:00:00+00:00,127.7333679,130.2100067,131.2599945,129.4799957,130.8500061,78973300
2021-05-10 00:00:00+00:00,124.4372787,126.8499985,129.5399933,126.8099976,129.4100037,88071200
2021-05-11 00:00:00+00:00,123.5151443,125.9100037,126.2699966,122.7699966,123.5,126142800
2021-05-12 00:00:00+00:00,120.4348755,122.7699966,124.6399994,122.25,123.4000015,112172300
2021-05-13 00:00:00+00:00,122.5930328,124.9700012,126.1500015,124.2600021,124.5800018,105861300
2021-05-14 00:00:00+00:00,125.025856,127.4499969,127.8899994,125.8499985,126.25,81918000
2021-05-17 00:00:00+00:00,123.8683014,126.2699966,126.9300003,125.1699982,126.8199997,74244600
2021-05-18 00:00:00+00:00,122.4753113,124.8499985,126.9899979,124.7799988,126.5599976,63342900
2021-05-19 00:00:00+00:00,122.3183594,124.6900024,124.9199982,122.8600006,123.1600037,92612000
2021-05-20 00:00:00+00:00,124.8885193,127.3099976,127.7200012,125.0999985,125.2300034,76857100
2021-05-21 00:00:00+00:00,123.044281,125.4300003,128,125.2099991,127.8199997,79295400
2021-05-24 00:00:00+00:00,124.6825256,127.0999985,127.9400024,125.9400024,126.0100021,63092900
2021-05-25 00:00:00+00:00,124.4863281,126.9000015,128.3200073,126.3199997,127.8199997,72009500
2021-05-26 00:00:00+00:00,124.4372787,126.8499985,127.3899994,126.4199982,126.9599991,56575900
2021-05-27 00:00:00+00:00,122.8971176,125.2799988,127.6399994,125.0800018,126.4400024,94625600
2021-05-28 00:00:00+00:00,122.2398834,124.6100006,125.8000031,124.5500031,125.5699997,71311100
2021-06-01 00:00:00+00:00,121.9161377,124.2799988,125.3499985,123.9400024,125.0800018,67637100
2021-06-02 00:00:00+00:00,122.6813202,125.0599976,125.2399979,124.0500031,124.2799988,59278900
2021-06-03 00:00:00+00:00,121.190239,123.5400009,124.8499985,123.1299973,124.6800003,76229200
2021-06-04 00:00:00+00:00,123.4955215,125.8899994,126.1600037,123.8499985,124.0699997,75169300
2021-06-07 00:00:00+00:00,123.5053253,125.9000015,126.3199997,124.8300018,126.1699982,71057600
2021-06-08 00:00:00+00:00,124.3293686,126.7399979,128.4600067,126.2099991,126.5999985,74403800
2021-06-09 00:00:00+00:00,124.7119522,127.1299973,127.75,126.5199966,127.2099991,56877900
2021-06-10 00:00:00+00:00,123.7113419,126.1100006,128.1900024,125.9400024,127.0199966,71186400
2021-06-11 00:00:00+00:00,124.9277573,127.3499985,127.4400024,126.0999985,126.5299988,53522400
2021-06-14 00:00:00+00:00,127.9982452,130.4799957,130.5399933,127.0699997,127.8199997,96906500
2021-06-15 00:00:00+00:00,127.1741867,129.6399994,130.6000061,129.3899994,129.9400024,62746300
2021-06-16 00:00:00+00:00,127.6744995,130.1499939,130.8899994,128.4600067,130.3699951,91815000
2021-06-17 00:00:00+00:00,129.2833252,131.7899933,132.5500031,129.6499939,129.8000031,96721700
2021-06-18 00:00:00+00:00,127.9786072,130.4600067,131.5099945,130.2400055,130.7100067,108953300
2021-06-21 00:00:00+00:00,129.7836151,132.3000031,132.4100037,129.2100067,130.3000031,79663300
2021-06-22 00:00:00+00:00,131.4316559,133.9799957,134.0800018,131.6199951,132.1300049,74783600
2021-06-23 00:00:00+00:00,131.1569672,133.6999969,134.3200073,133.2299957,133.7700043,60214200
2021-06-24 00:00:00+00:00,130.8724976,133.4100037,134.6399994,132.9299927,134.4499969,68711000
2021-06-25 00:00:00+00:00,130.578186,133.1100006,133.8899994,132.8099976,133.4600067,70783700
2021-06-28 00:00:00+00:00,132.2163849,134.7799988,135.25,133.3500061,133.4100037,62111300
2021-06-29 00:00:00+00:00,133.7369537,136.3300018,136.4900055,134.3500061,134.8000031,64556100
2021-06-30 00:00:00+00:00,134.3549805,136.9600067,137.4100037,135.8699951,136.1699982,63261400
2021-07-01 00:00:00+00:00,134.6591187,137.2700043,137.3300018,135.7599945,136.6000061,52485800
2021-07-02 00:00:00+00:00,137.2979126,139.9600067,140,137.75,137.8999939,78852600
2021-07-06 00:00:00+00:00,139.3187408,142.0200043,143.1499939,140.0700073,140.0700073,108181800
2021-07-07 00:00:00+00:00,141.8202209,144.5700073,144.8899994,142.6600037,143.5399933,104911600
2021-07-08 00:00:00+00:00,140.5155334,143.2400055,144.0599976,140.6699982,141.5800018,105575500
2021-07-09 00:00:00+00:00,142.3499298,145.1100006,145.6499939,142.6499939,142.75,99890800
2021-07-12 00:00:00+00:00,141.7515717,144.5,146.3200073,144,146.2100067,76299700
2021-07-13 00:00:00+00:00,142.8698578,145.6399994,147.4600067,143.6300049,144.0299988,100827100
2021-07-14 00:00:00+00:00,146.3131104,149.1499939,149.5700073,147.6799927,148.1000061,127050800
2021-07-15 00:00:00+00:00,145.655838,148.4799957,150,147.0899963,149.2400055,106820300
2021-07-16 00:00:00+00:00,143.6056213,146.3899994,149.7599945,145.8800049,148.4600067,93251400
2021-07-19 00:00:00+00:00,139.7405243,142.4499969,144.0700073,141.6699982,143.75,121434600
2021-07-20 00:00:00+00:00,143.3701935,146.1499939,147.1000061,142.9600067,143.4600067,96350000
2021-07-21 00:00:00+00:00,142.6344299,145.3999939,146.1300049,144.6300049,145.5299988,74993500
2021-07-22 00:00:00+00:00,144.0078125,146.8000031,148.1999969,145.8099976,145.9400024,77338200
2021-07-23 00:00:00+00:00,145.7343445,148.5599976,148.7200012,146.9199982,147.5500031,71447400
2021-07-26 00:00:00+00:00,146.1561737,148.9900055,149.8300018,147.6999969,148.2700043,72434100
2021-07-27 00:00:00+00:00,143.9783783,146.7700043,149.2100067,145.5500031,149.1199951,104818600
2021-07-28 00:00:00+00:00,142.2224426,144.9799957,146.9700012,142.5399933,144.8099976,118931200
2021-07-29 00:00:00+00:00,142.8698578,145.6399994,146.5500031,144.5800018,144.6900024,56699500
2021-07-30 00:00:00+00:00,143.0856934,145.8600006,146.3300018,144.1100006,144.3800049,70440600
2021-08-02 00:00:00+00:00,142.7521515,145.5200043,146.9499969,145.25,146.3600006,62880000
2021-08-03 00:00:00+00:00,144.5571747,147.3600006,148.0399933,145.1799927,145.8099976,64786600
2021-08-04 00:00:00+00:00,144.154953,146.9499969,147.7899933,146.2799988,147.2700043,56368300
2021-08-05 00:00:00+00:00,144.2628174,147.0599976,147.8399963,146.1699982,146.9799957,46397700
2021-08-06 00:00:00+00:00,143.5751801,146.1399994,147.1100006,145.6300049,146.3500061,54126800
2021-08-09 00:00:00+00:00,143.5260468,146.0899963,146.6999969,145.5200043,146.1999969,48908700
2021-08-10 00:00:00+00:00,143.0446167,145.6000061,147.7100067,145.3000031,146.4400024,69023100
2021-08-11 00:00:00+00:00,143.3000946,145.8600006,146.7200012,145.5299988,146.0500031,48493500
2021-08-12 00:00:00+00:00,146.276886,148.8899994,149.0500031,145.8399963,146.1900024,72282600
2021-08-13 00:00:00+00:00,146.4832001,149.1000061,149.4400024,148.2700043,148.9700012,59375000
2021-08-16 00:00:00+00:00,148.4677582,151.1199951,151.1900024,146.4700012,148.5399933,103296000
2021-08-17 00:00:00+00:00,147.5540771,150.1900024,151.6799927,149.0899963,150.2299957,92229700
2021-08-18 00:00:00+00:00,143.7912903,146.3600006,150.7200012,146.1499939,149.8000031,86326000
2021-08-19 00:00:00+00:00,144.1253204,146.6999969,148,144.5,145.0299988,86960300
2021-08-20 00:00:00+00:00,145.5891571,148.1900024,148.5,146.7799988,147.4400024,60549600
2021-08-23 00:00:00+00:00,147.0825195,149.7100067,150.1900024,147.8899994,148.3099976,60131800
2021-08-24 00:00:00+00:00,146.9940796,149.6199951,150.8600006,149.1499939,149.4499969,48606400
2021-08-25 00:00:00+00:00,145.7561951,148.3600006,150.3200073,147.8000031,149.8099976,58991300
2021-08-26 00:00:00+00:00,144.9505768,147.5399933,149.1199951,147.5099945,148.3500061,48597200
2021-08-27 00:00:00+00:00,145.9919891,148.6000061,148.75,146.8300018,147.4799957,55802400
2021-08-30 00:00:00+00:00,150.432663,153.1199951,153.4900055,148.6100006,149,90956700
2021-08-31 00:00:00+00:00,149.1652832,151.8300018,152.8000031,151.2899933,152.6600037,86453100
2021-09-01 00:00:00+00:00,149.8333435,152.5099945,154.9799957,152.3399963,152.8300018,80313700
2021-09-02 00:00:00+00:00,150.9533386,153.6499939,154.7200012,152.3999939,153.8699951,71115500
2021-09-03 00:00:00+00:00,151.5919189,154.3000031,154.6300049,153.0899963,153.7599945,57808700
2021-09-07 00:00:00+00:00,153.9400024,156.6900024,157.2599945,154.3899994,154.9700012,82278300
2021-09-08 00:00:00+00:00,152.3877258,155.1100006,157.0399933,153.9799957,156.9799957,74420200
2021-09-09 00:00:00+00:00,151.3659973,154.0700073,156.1100006,153.9499969,155.4900055,57305700
2021-09-10 00:00:00+00:00,146.3554993,148.9700012,155.4799957,148.6999969,155,140893200
2021-09-13 00:00:00+00:00,146.9253235,149.5500031,151.4199982,148.75,150.6300049,102404300
2021-09-14 00:00:00+00:00,145.5203857,148.1199951,151.0700073,146.9100037,150.3500061,109296300
2021-09-15 00:00:00+00:00,146.4144287,149.0299988,149.4400024,146.3699951,148.5599976,83281300
2021-09-16 00:00:00+00:00,146.1786346,148.7899933,148.9700012,147.2200012,148.4400024,68034100
2021-09-17 00:00:00+00:00,143.4965668,146.0599976,148.8200073,145.7599945,148.8200073,129868800
2021-09-20 00:00:00+00:00,140.4313507,142.9400024,144.8399963,141.2700043,143.8000031,123478900
2021-09-21 00:00:00+00:00,140.9126892,143.4299927,144.6000061,142.7799988,143.9299927,75834000
2021-09-22 00:00:00+00:00,143.2902679,145.8500061,146.4299927,143.6999969,144.4499969,76404300
2021-09-23 00:00:00+00:00,144.2530365,146.8300018,147.0800018,145.6399994,146.6499939,64838200
2021-09-24 00:00:00+00:00,144.3414612,146.9199982,147.4700012,145.5599976,145.6600037,53477900
2021-09-27 00:00:00+00:00,142.8186646,145.3699951,145.9600067,143.8200073,145.4700012,74150700
2021-09-28 00:00:00+00:00,139.4194183,141.9100037,144.75,141.6900024,143.25,108972300
2021-09-29 00:00:00+00:00,140.3232574,142.8300018,144.4499969,142.0299988,142.4700012,74602000
2021-09-30 00:00:00+00:00,139.0166016,141.5,144.3800049,141.2799988,143.6600037,89056700
2021-10-01 00:00:00+00:00,140.1463776,142.6499939,142.9199982,139.1100006,141.8999939,94639600
2021-10-04 00:00:00+00:00,136.6980286,139.1399994,142.2100067,138.2700043,141.7599945,98322000
2021-10-05 00:00:00+00:00,138.6334381,141.1100006,142.2400055,139.3600006,139.4900055,80861100
2021-10-06 00:00:00+00:00,139.5078278,142,142.1499939,138.3699951,139.4700012,83221100
2021-10-07 00:00:00+00:00,140.7751617,143.2899933,144.2200012,142.7200012,143.0599976,61732700
2021-10-08 00:00:00+00:00,140.3920288,142.8999939,144.1799927,142.5599976,144.0299988,58773200
2021-10-11 00:00:00+00:00,140.3035736,142.8099976,144.8099976,141.8099976,142.2700043,64452200
2021-10-12 00:00:00+00:00,139.026413,141.5099945,143.25,141.0399933,143.2299957,73035900
2021-10-13 00:00:00+00:00,138.4369507,140.9100037,141.3999939,139.1999969,141.2400055,78762700
2021-10-14 00:00:00+00:00,141.236908,143.7599945,143.8800049,141.5099945,142.1100006,69907100
2021-10-15 00:00:00+00:00,142.2979584,144.8399963,144.8999939,143.5099945,143.7700043,67940300
2021-10-18 00:00:00+00:00,143.9779663,146.5500031,146.8399963,143.1600037,143.4499969,85589200
2021-10-19 00:00:00+00:00,146.1491852,148.7599945,149.1699982,146.5500031,147.0099945,76378900
2021-10-20 00:00:00+00:00,146.6403656,149.2599945,149.75,148.1199951,148.6999969,58418800
2021-10-21 00:00:00+00:00,146.8565369,149.4799957,149.6399994,147.8699951,148.8099976,61421000
2021-10-22 00:00:00+00:00,146.0804138,148.6900024,150.1799927,148.6399994,149.6900024,58883400
2021-10-25 00:00:00+00:00,146.0312805,148.6399994,149.3699951,147.6199951,148.6799927,50720600
2021-10-26 00:00:00+00:00,146.6993561,149.3200073,150.8399963,149.0099945,149.3300018,60893400
2021-10-27 00:00:00+00:00,146.2375946,148.8500061,149.7299957,148.4900055,149.3600006,56094900
2021-10-28 00:00:00+00:00,149.892334,152.5700073,153.1699982,149.7200012,149.8200073,100077900
2021-10-29 00:00:00+00:00,147.1709442,149.8000031,149.9400024,146.4100037,147.2200012,124953200
2021-11-01 00:00:00+00:00,146.3456726,148.9600067,149.6999969,147.8000031,148.9900055,74588300
2021-11-02 00:00:00+00:00,147.3870697,150.0200043,151.5700073,148.6499939,148.6600037,69122000
2021-11-03 00:00:00+00:00,148.8312531,151.4900055,151.9700012,149.8200073,150.3899994,54511500
2021-11-04 00:00:00+00:00,148.3105621,150.9600067,152.4299927,150.6399994,151.5800018,60394600
2021-11-05 00:00:00+00:00,148.8418579,151.2799988,152.1999969,150.0599976,151.8899994,65463900
2021-11-08 00:00:00+00:00,148.0153961,150.4400024,151.5700073,150.1600037,151.4100037,55020900
2021-11-09 00:00:00+00:00,148.379425,150.8099976,151.4299927,150.0599976,150.1999969,56787900
2021-11-10 00:00:00+00:00,145.5360107,147.9199982,150.1300049,147.8500061,150.0200043,65187100
2021-11-11 00:00:00+00:00,145.4868317,147.8699951,149.4299927,147.6799927,148.9600067,41000000
2021-11-12 00:00:00+00:00,147.5726471,149.9900055,150.3999939,147.4799957,148.4299927,63804000
2021-11-15 00:00:00+00:00,147.582489,150,151.8800049,149.4299927,150.3699951,59222800
2021-11-16 00:00:00+00:00,148.5663605,151,151.4900055,149.3399963,149.9400024,59256200
2021-11-17 00:00:00+00:00,151.0162354,153.4900055,155,150.9900055,151,88807000
2021-11-18 00:00:00+00:00,155.3256378,157.8699951,158.6699982,153.0500031,153.7100067,137827700
2021-11-19 00:00:00+00:00,157.9624634,160.5500031,161.0200043,156.5299988,157.6499939,117305600
2021-11-22 00:00:00+00:00,158.4248962,161.0200043,165.6999969,161,161.6799927,117467900
2021-11-23 00:00:00+00:00,158.808609,161.4100037,161.8000031,159.0599976,161.1199951,96041900
2021-11-24 00:00:00+00:00,159.3300629,161.9400024,162.1399994,159.6399994,160.75,69463600
2021-11-26 00:00:00+00:00,154.2827454,156.8099976,160.4499969,156.3600006,159.5700073,76959800
2021-11-29 00:00:00+00:00,157.6574707,160.2400055,161.1900024,158.7899933,159.3699951,88748200
2021-11-30 00:00:00+00:00,162.6358948,165.3000031,165.5200043,159.9199982,159.9900055,174048100
2021-12-01 00:00:00+00:00,162.1144867,164.7700043,170.3000031,164.5299988,167.4799957,152052500
2021-12-02 00:00:00+00:00,161.1207275,163.7599945,164.1999969,157.8000031,158.7400055,136739200
2021-12-03 00:00:00+00:00,159.2316742,161.8399963,164.9600067,159.7200012,164.0200043,118023100
2021-12-06 00:00:00+00:00,162.6555786,165.3200073,167.8800049,164.2799988,164.2899933,107497000
2021-12-07 00:00:00+00:00,168.4211121,171.1799927,171.5800018,168.3399963,169.0800018,120405400
2021-12-08 00:00:00+00:00,172.258255,175.0800018,175.9600067,170.6999969,172.1300049,116998900
2021-12-09 00:00:00+00:00,171.7466278,174.5599976,176.75,173.9199982,174.9100037,108923700
2021-12-10 00:00:00+00:00,176.5578613,179.4499969,179.6300049,174.6900024,175.2100067,115402700
2021-12-13 00:00:00+00:00,172.9076538,175.7400055,182.1300049,175.5299988,181.1199951,153237000
2021-12-14 00:00:00+00:00,171.5203705,174.3300018,177.7400055,172.2100067,175.25,139380400
2021-12-15 00:00:00+00:00,176.4102631,179.3000031,179.5,172.3099976,175.1100006,131063300
2021-12-16 00:00:00+00:00,169.4837036,172.2599945,181.1399994,170.75,179.2799988,150185800
2021-12-17 00:00:00+00:00,168.3817902,171.1399994,173.4700012,169.6900024,169.9299927,195432700
2021-12-20 00:00:00+00:00,167.0141907,169.75,170.5800018,167.4600067,168.2799988,107499100
2021-12-21 00:00:00+00:00,170.2019653,172.9900055,173.1999969,169.1199951,171.5599976,91185900
2021-12-22 00:00:00+00:00,172.8092651,175.6399994,175.8600006,172.1499939,173.0399933,92135300
2021-12-23 00:00:00+00:00,173.4389648,176.2799988,176.8500061,175.2700043,175.8500061,68356600
2021-12-27 00:00:00+00:00,177.4236755,180.3300018,180.4199982,177.0700073,177.0899963,74919600
2021-12-28 00:00:00+00:00,176.4004364,179.2899933,181.3300018,178.5299988,180.1600037,79144300
2021-12-29 00:00:00+00:00,176.4889832,179.3800049,180.6300049,178.1399994,179.3300018,62348900
2021-12-30 00:00:00+00:00,175.3280029,178.1999969,180.5700073,178.0899963,179.4700012,59773000
2021-12-31 00:00:00+00:00,174.7081299,177.5700073,179.2299957,177.2599945,178.0899963,64062300
2022-01-03 00:00:00+00:00,179.0765839,182.0099945,182.8800049,177.7100067,177.8300018,104487900
2022-01-04 00:00:00+00:00,176.8038025,179.6999969,182.9400024,179.1199951,182.6300049,99310400
2022-01-05 00:00:00+00:00,172.1008606,174.9199982,180.1699982,174.6399994,179.6100006,94537600
2022-01-06 00:00:00+00:00,169.22789,172,175.3000031,171.6399994,172.6999969,96904000
2022-01-07 00:00:00+00:00,169.3951569,172.1699982,174.1399994,171.0299988,172.8899994,86709100
2022-01-10 00:00:00+00:00,169.4148712,172.1900024,172.5,168.1699982,169.0800018,106765600
2022-01-11 00:00:00+00:00,172.258255,175.0800018,175.1799927,170.8200073,172.3200073,76138300
2022-01-12 00:00:00+00:00,172.7010498,175.5299988,177.1799927,174.8200073,176.1199951,74805200
2022-01-13 00:00:00+00:00,169.4148712,172.1900024,176.6199951,171.7899933,175.7799988,84505800
2022-01-14 00:00:00+00:00,170.2807007,173.0700073,173.7799988,171.0899963,171.3399963,80440800
2022-01-18 00:00:00+00:00,167.0634003,169.8000031,172.5399933,169.4100037,171.5099945,90956700
2022-01-19 00:00:00+00:00,163.5508881,166.2299957,171.0800018,165.9400024,170,94815000
2022-01-20 00:00:00+00:00,161.8586273,164.5099945,169.6799927,164.1799927,166.9799957,91420500
2022-01-21 00:00:00+00:00,159.7924957,162.4100037,166.3300018,162.3000031,164.4199982,122848900
2022-01-24 00:00:00+00:00,159.015213,161.6199951,162.3000031,154.6999969,160.0200043,162294600
2022-01-25 00:00:00+00:00,157.2048492,159.7799988,162.7599945,157.0200043,158.9799957,115798400
2022-01-26 00:00:00+00:00,157.1162872,159.6900024,164.3899994,157.8200073,163.5,108275300
2022-01-27 00:00:00+00:00,156.6539001,159.2200012,163.8399963,158.2799988,162.4499969,121954600
2022-01-28 00:00:00+00:00,167.5848389,170.3300018,170.3500061,162.8000031,165.7100067,179935700
2022-01-31 00:00:00+00:00,171.9631195,174.7799988,175,169.5099945,170.1600037,115541600
2022-02-01 00:00:00+00:00,171.7958679,174.6100006,174.8399963,172.3099976,174.0099945,86213900
2022-02-02 00:00:00+00:00,173.0060425,175.8399963,175.8800049,173.3300018,174.75,84914300
2022-02-03 00:00:00+00:00,170.1134186,172.8999939,176.2400055,172.1199951,174.4799957,89418100
2022-02-04 00:00:00+00:00,169.8277283,172.3899994,174.1000061,170.6799927,171.6799927,82465400
2022-02-07 00:00:00+00:00,169.1085968,171.6600037,173.9499969,170.9499969,172.8600006,77251200
2022-02-08 00:00:00+00:00,172.2314301,174.8300018,175.3500061,171.4299927,171.7299957,74829200
2022-02-09 00:00:00+00:00,173.6599274,176.2799988,176.6499939,174.8999939,176.0500031,71285000
2022-02-10 00:00:00+00:00,169.5617676,172.1199951,175.4799957,171.5500031,174.1399994,90865900
2022-02-11 00:00:00+00:00,166.1334839,168.6399994,173.0800018,168.0399933,172.3300018,98670700
2022-02-14 00:00:00+00:00,166.369873,168.8800049,169.5800018,166.5599976,167.3699951,86185500
2022-02-15 00:00:00+00:00,170.221817,172.7899933,172.9499969,170.25,170.9700012,62527400
2022-02-16 00:00:00+00:00,169.9853821,172.5500031,173.3399963,170.0500031,171.8500061,61177400
2022-02-17 00:00:00+00:00,166.369873,168.8800049,171.9100037,168.4700012,171.0299988,69589300
2022-02-18 00:00:00+00:00,164.8134003,167.3000031,170.5399933,166.1900024,169.8200073,82772700
2022-02-22 00:00:00+00:00,161.8776703,164.3200073,166.6900024,162.1499939,164.9799957,91162800
2022-02-23 00:00:00+00:00,157.6908569,160.0700073,166.1499939,159.75,165.5399933,90009200
2022-02-24 00:00:00+00:00,160.321167,162.7400055,162.8500061,152,152.5800018,141147500
2022-02-25 00:00:00+00:00,162.3998108,164.8500061,165.1199951,160.8699951,163.8399963,91974200
2022-02-28 00:00:00+00:00,162.6657867,165.1199951,165.4199982,162.4299927,163.0599976,95056600
2022-03-01 00:00:00+00:00,160.7743073,163.1999969,166.6000061,161.9700012,164.6999969,83474400
2022-03-02 00:00:00+00:00,164.0843964,166.5599976,167.3600006,162.9499969,164.3899994,79724800
2022-03-03 00:00:00+00:00,163.7592621,166.2299957,168.9100037,165.5500031,168.4700012,76678400
2022-03-04 00:00:00+00:00,160.7447662,163.1699982,165.5500031,162.1000061,164.4900055,83737200
2022-03-07 00:00:00+00:00,156.9322968,159.3000031,165.0200043,159.0399933,163.3600006,96418800
2022-03-08 00:00:00+00:00,155.0999298,157.4400024,162.8800049,155.8000031,158.8200073,131148300
2022-03-09 00:00:00+00:00,160.5280457,162.9499969,163.4100037,159.4100037,161.4799957,91454900
2022-03-10 00:00:00+00:00,156.1639099,158.5200043,160.3899994,155.9799957,160.1999969,105342000
2022-03-11 00:00:00+00:00,152.4302063,154.7299957,159.2799988,154.5,158.9299927,96970100
2022-03-14 00:00:00+00:00,148.3812866,150.6199951,154.1199951,150.1000061,151.4499969,108732100
2022-03-15 00:00:00+00:00,152.7848511,155.0899963,155.5700073,150.3800049,150.8999939,92964300
2022-03-16 00:00:00+00:00,157.2179871,159.5899963,160,154.4600067,157.0500031,102300200
2022-03-17 00:00:00+00:00,158.2326965,160.6199951,161,157.6300049,158.6100006,75615400
2022-03-18 00:00:00+00:00,161.5427399,163.9799957,164.4799957,159.7599945,160.5099945,123511700
2022-03-21 00:00:00+00:00,162.9219208,165.3800049,166.3500061,163.0099945,163.5099945,95811400
2022-03-22 00:00:00+00:00,166.3108368,168.8200073,169.4199982,164.9100037,165.5099945,81532000
2022-03-23 00:00:00+00:00,167.6801605,170.2100067,172.6399994,167.6499939,167.9900055,98062700
2022-03-24 00:00:00+00:00,171.4827576,174.0700073,174.1399994,170.2100067,171.0599976,90131400
2022-03-25 00:00:00+00:00,172.1230927,174.7200012,175.2799988,172.75,173.8800049,80546200
2022-03-28 00:00:00+00:00,172.990036,175.6000061,175.7299957,172,172.1699982,90371900
2022-03-29 00:00:00+00:00,176.3000488,178.9600067,179.0099945,176.3399963,176.6900024,100589400
2022-03-30 00:00:00+00:00,175.1277618,177.7700043,179.6100006,176.6999969,178.5500031,92633200
2022-03-31 00:00:00+00:00,172.0147552,174.6100006,178.0299988,174.3999939,177.8399963,103049300
2022-04-01 00:00:00+00:00,171.719162,174.3099976,174.8800049,171.9400024,174.0299988,78751300
2022-04-04 00:00:00+00:00,175.787796,178.4400024,178.4900055,174.4400024,174.5700073,76468400
2022-04-05 00:00:00+00:00,172.4580383,175.0599976,178.3000031,174.4199982,177.5,73401800
2022-04-06 00:00:00+00:00,169.276062,171.8300018,173.6300049,170.1300049,172.3600006,89058800
2022-04-07 00:00:00+00:00,169.5814362,172.1399994,173.3600006,169.8500061,171.1600037,77594700
2022-04-08 00:00:00+00:00,167.5618896,170.0899963,171.7799988,169.1999969,171.7799988,76575500
2022-04-11 00:00:00+00:00,163.2864075,165.75,169.0299988,165.5,168.7100067,72246700
2022-04-12 00:00:00+00:00,165.1680298,167.6600037,169.8699951,166.6399994,168.0200043,79265200
2022-04-13 00:00:00+00:00,167.8672791,170.3999939,171.0399933,166.7700043,167.3899994,70618900
2022-04-14 00:00:00+00:00,162.8332672,165.2899933,171.2700043,165.0399933,170.6199951,75329400
2022-04-18 00:00:00+00:00,162.6165314,165.0700073,166.6000061,163.5700073,163.9199982,69023900
2022-04-19 00:00:00+00:00,164.911911,167.3999939,167.8200073,163.9100037,165.0200043,67723800
2022-04-20 00:00:00+00:00,164.7444458,167.2299957,168.8800049,166.1000061,168.7599945,67929800
2022-04-21 00:00:00+00:00,163.9464874,166.4199982,171.5299988,165.9100037,168.9100037,87227800
2022-04-22 00:00:00+00:00,159.3852844,161.7899933,167.8699951,161.5,166.4600067,84882400
2022-04-25 00:00:00+00:00,160.4590759,162.8800049,163.1699982,158.4600067,161.1199951,96046400
2022-04-26 00:00:00+00:00,154.4694672,156.8000031,162.3399963,156.7200012,162.25,95623200
2022-04-27 00:00:00+00:00,154.2428741,156.5700073,159.7899933,155.3800049,155.9100037,88063200
2022-04-28 00:00:00+00:00,161.2077789,163.6399994,164.5200043,158.9299927,159.25,130216800
2022-04-29 00:00:00+00:00,155.3068237,157.6499939,166.1999969,157.25,161.8399963,131747600
2022-05-02 00:00:00+00:00,155.6122437,157.9600067,158.2299957,153.2700043,156.7100067,123055300
2022-05-03 00:00:00+00:00,157.1096344,159.4799957,160.7100067,156.3200073,158.1499939,88966500
2022-05-04 00:00:00+00:00,163.5524292,166.0200043,166.4799957,159.2599945,159.6699982,108256500
2022-05-05 00:00:00+00:00,154.4398956,156.7700043,164.0800018,154.9499969,163.8500061,130525300
2022-05-06 00:00:00+00:00,155.1699524,157.2799988,159.4400024,154.1799927,156.0099945,116124600
2022-05-09 00:00:00+00:00,150.0200043,152.0599976,155.8300018,151.4900055,154.9299927,131577900
2022-05-10 00:00:00+00:00,152.4371185,154.5099945,156.7400055,152.9299927,155.5200043,115366700
2022-05-11 00:00:00+00:00,144.5345764,146.5,155.4499969,145.8099976,153.5,142689800
2022-05-12 00:00:00+00:00,140.6474457,142.5599976,146.1999969,138.8000031,142.7700043,182602000
2022-05-13 00:00:00+00:00,145.1363983,147.1100006,148.1000061,143.1100006,144.5899963,113990900
2022-05-16 00:00:00+00:00,143.5874786,145.5399933,147.5200043,144.1799927,145.5500031,86643800
2022-05-17 00:00:00+00:00,147.2378387,149.2400055,149.7700043,146.6799927,148.8600006,78336300
2022-05-18 00:00:00+00:00,138.9308014,140.8200073,147.3600006,139.8999939,146.8500061,109742900
2022-05-19 00:00:00+00:00,135.5073547,137.3500061,141.6600037,136.6000061,139.8800049,136095600
2022-05-20 00:00:00+00:00,135.7441101,137.5899963,140.6999969,132.6100006,139.0899963,137426100
2022-05-23 00:00:00+00:00,141.1900787,143.1100006,143.2599945,137.6499939,137.7899933,117726300
2022-05-24 00:00:00+00:00,138.476944,140.3600006,141.9700012,137.3300018,140.8099976,104132700
2022-05-25 00:00:00+00:00,138.6348267,140.5200043,141.7899933,138.3399963,138.4299927,92482700
2022-05-26 00:00:00+00:00,141.851059,143.7799988,144.3399963,137.1399994,137.3899994,90601500
2022-05-27 00:00:00+00:00,147.6324615,149.6399994,149.6799927,145.2599945,145.3899994,90978500
2022-05-31 00:00:00+00:00,146.8432007,148.8399963,150.6600037,146.8399963,149.0700073,103718400
2022-06-01 00:00:00+00:00,146.7149506,148.7100067,151.7400055,147.6799927,149.8999939,74286600
2022-06-02 00:00:00+00:00,149.1813965,151.2100067,151.2700043,146.8600006,147.8300018,72348100
2022-06-03 00:00:00+00:00,143.4296265,145.3800049,147.9700012,144.4600067,146.8999939,88570300
2022-06-06 00:00:00+00:00,144.1794434,146.1399994,148.5700073,144.8999939,147.0299988,71598400
2022-06-07 00:00:00+00:00,146.7149506,148.7100067,149,144.1000061,144.3500061,67808200
2022-06-08 00:00:00+00:00,145.9750214,147.9600067,149.8699951,147.4600067,148.5800018,53950200
2022-06-09 00:00:00+00:00,140.7263641,142.6399994,147.9499969,142.5299988,147.0800018,69473000
2022-06-10 00:00:00+00:00,135.2902832,137.1300049,140.7599945,137.0599976,140.2799988,91437900
2022-06-13 00:00:00+00:00,130.110733,131.8800049,135.1999969,131.4400024,132.8699951,122207100
2022-06-14 00:00:00+00:00,130.9789124,132.7599945,133.8899994,131.4799957,133.1300049,84784300
2022-06-15 00:00:00+00:00,133.6130981,135.4299927,137.3399963,132.1600037,134.2899933,91533000
2022-06-16 00:00:00+00:00,128.315155,130.0599976,132.3899994,129.0399933,132.0800018,108123900
2022-06-17 00:00:00+00:00,129.7950287,131.5599976,133.0800018,129.8099976,130.0700073,134520300
2022-06-21 00:00:00+00:00,134.0471954,135.8699951,137.0599976,133.3200073,133.4199982,81000500
2022-06-22 00:00:00+00:00,133.5341797,135.3500061,137.7599945,133.9100037,134.7899933,73409200
2022-06-23 00:00:00+00:00,136.414978,138.2700043,138.5899963,135.6300049,136.8200073,72433800
2022-06-24 00:00:00+00:00,139.7595215,141.6600037,141.9100037,139.7700043,139.8999939,89116800
2022-06-27 00:00:00+00:00,139.7595215,141.6600037,143.4900055,140.9700012,142.6999969,70207900
2022-06-28 00:00:00+00:00,135.5961456,137.4400024,143.4199982,137.3200073,142.1300049,67083400
2022-06-29 00:00:00+00:00,137.3620911,139.2299957,140.6699982,136.6699982,137.4600067,66242400
2022-06-30 00:00:00+00:00,134.8858032,136.7200012,138.3699951,133.7700043,137.25,98964500
2022-07-01 00:00:00+00:00,137.0661316,138.9299927,139.0399933,135.6600037,136.0399933,71051600
2022-07-05 00:00:00+00:00,139.6608734,141.5599976,141.6100006,136.9299927,137.7700043,73353800
2022-07-06 00:00:00+00:00,141.0026245,142.9199982,144.1199951,141.0800018,141.3500061,74064300
2022-07-07 00:00:00+00:00,144.3865967,146.3500061,146.5500031,143.2799988,143.2899933,66253700
2022-07-08 00:00:00+00:00,145.067337,147.0399933,147.5500031,145,145.2599945,64547800
2022-07-11 00:00:00+00:00,142.9264374,144.8699951,146.6399994,143.7799988,145.6699982,63141600
2022-07-12 00:00:00+00:00,143.9031525,145.8600006,148.4499969,145.0500031,145.7599945,77588800
2022-07-13 00:00:00+00:00,143.538147,145.4900055,146.4499969,142.1199951,142.9900055,71185600
2022-07-14 00:00:00+00:00,146.4781952,148.4700012,148.9499969,143.25,144.0800018,78140700
2022-07-15 00:00:00+00:00,148.1553497,150.1699982,150.8600006,148.1999969,149.7799988,76259900
2022-07-18 00:00:00+00:00,145.0969391,147.0700073,151.5700073,146.6999969,150.7400055,81420900
2022-07-19 00:00:00+00:00,148.9742126,151,151.2299957,146.9100037,147.9199982,82982400
2022-07-20 00:00:00+00:00,150.9868469,153.0399933,153.7200012,150.3699951,151.1199951,64823400
2022-07-21 00:00:00+00:00,153.2658539,155.3500061,155.5700073,151.9400024,154.5,65086600
2022-07-22 00:00:00+00:00,152.0227509,154.0899963,156.2799988,153.4100037,155.3899994,66675400
2022-07-25 00:00:00+00:00,150.898056,152.9499969,155.0399933,152.2799988,154.0099945,53623900
2022-07-26 00:00:00+00:00,149.5661774,151.6000061,153.0899963,150.8000031,152.2599945,55138700
2022-07-27 00:00:00+00:00,154.6865387,156.7899933,157.3300018,152.1600037,152.5800018,78620700
2022-07-28 00:00:00+00:00,155.2390442,157.3500061,157.6399994,154.4100037,156.9799957,81378700
2022-07-29 00:00:00+00:00,160.3297882,162.5099945,163.6300049,159.5,161.2400055,101786900
2022-08-01 00:00:00+00:00,159.3432159,161.5099945,163.5899963,160.8899994,161.0099945,67829400
2022-08-02 00:00:00+00:00,157.8633423,160.0099945,162.4100037,159.6300049,160.1000061,59907000
2022-08-03 00:00:00+00:00,163.9012451,166.1300049,166.5899963,160.75,160.8399963,82507500
2022-08-04 00:00:00+00:00,163.5855103,165.8099976,167.1900024,164.4299927,166.0099945,55474100
2022-08-05 00:00:00+00:00,163.3583069,165.3500061,165.8500061,163,163.2100067,56697000
2022-08-08 00:00:00+00:00,162.8840637,164.8699951,167.8099976,164.1999969,166.3699951,60276900
2022-08-09 00:00:00+00:00,162.9334717,164.9199982,165.8200073,163.25,164.0200043,63135500
2022-08-10 00:00:00+00:00,167.2014465,169.2400055,169.3399963,166.8999939,167.6799927,70170500
2022-08-11 00:00:00+00:00,166.4604797,168.4900055,170.9900055,168.1900024,170.0599976,57149200
2022-08-12 00:00:00+00:00,170.0269775,172.1000061,172.1699982,169.3999939,169.8200073,68039400
2022-08-15 00:00:00+00:00,171.1038666,173.1900024,173.3899994,171.3500061,171.5200043,54091700
2022-08-16 00:00:00+00:00,170.9457855,173.0299988,173.7100067,171.6600037,172.7799988,56377100
2022-08-17 00:00:00+00:00,172.4474945,174.5500031,176.1499939,172.5700073,172.7700043,79542000
2022-08-18 00:00:00+00:00,172.0522766,174.1499939,174.8999939,173.1199951,173.75,62290100
2022-08-19 00:00:00+00:00,169.4539642,171.5200043,173.7400055,171.3099976,173.0299988,70346300
2022-08-22 00:00:00+00:00,165.5515594,167.5700073,169.8600006,167.1399994,169.6900024,69026800
2022-08-23 00:00:00+00:00,165.2156372,167.2299957,168.7100067,166.6499939,167.0800018,54147100
2022-08-24 00:00:00+00:00,165.5120239,167.5299988,168.1100006,166.25,167.3200073,53841500
2022-08-25 00:00:00+00:00,167.9819336,170.0299988,170.1399994,168.3500061,168.7799988,51218200
2022-08-26 00:00:00+00:00,161.6491394,163.6199951,171.0500031,163.5599976,170.5700073,78961000
2022-08-29 00:00:00+00:00,159.4361115,161.3800049,162.8999939,159.8200073,161.1499939,73314000
2022-08-30 00:00:00+00:00,156.9958496,158.9100037,162.5599976,157.7200012,162.1300049,77906200
2022-08-31 00:00:00+00:00,155.3262024,157.2200012,160.5800018,157.1399994,160.3099976,87991100
2022-09-01 00:00:00+00:00,156.0573273,157.9600067,158.4199982,154.6699982,156.6399994,74229900
2022-09-02 00:00:00+00:00,153.933197,155.8099976,160.3600006,154.9700012,159.75,76957800
2022-09-06 00:00:00+00:00,152.6686096,154.5299988,157.0899963,153.6900024,156.4700012,73714800
2022-09-07 00:00:00+00:00,154.0814209,155.9600067,156.6699982,153.6100006,154.8200073,87449600
2022-09-08 00:00:00+00:00,152.5994568,154.4600067,156.3600006,152.6799927,154.6399994,84923800
2022-09-09 00:00:00+00:00,155.4744263,157.3699951,157.8200073,154.75,155.4700012,68028800
2022-09-12 00:00:00+00:00,161.4614105,163.4299927,164.2599945,159.3000031,159.5899963,104956000
2022-09-13 00:00:00+00:00,151.9869232,153.8399963,160.5399933,153.3699951,159.8999939,122656600
2022-09-14 00:00:00+00:00,153.4392242,155.3099976,157.1000061,153.6100006,154.7899933,87965400
2022-09-15 00:00:00+00:00,150.5346527,152.3699951,155.2400055,151.3800049,154.6499939,90481100
2022-09-16 00:00:00+00:00,148.8847656,150.6999969,151.3500061,148.3699951,151.2100067,162278800
2022-09-19 00:00:00+00:00,152.6192322,154.4799957,154.5599976,149.1000061,149.3099976,81474200
2022-09-20 00:00:00+00:00,155.0100708,156.8999939,158.0800018,153.0800018,153.3999939,107689800
2022-09-21 00:00:00+00:00,151.8683929,153.7200012,158.7400055,153.6000061,157.3399963,101696800
2022-09-22 00:00:00+00:00,150.9001923,152.7400055,154.4700012,150.9100037,152.3800049,86652500
2022-09-23 00:00:00+00:00,148.6180267,150.4299927,151.4700012,148.5599976,151.1900024,96029900
2022-09-26 00:00:00+00:00,148.9539337,150.7700043,153.7700043,149.6399994,149.6600037,93339400
2022-09-27 00:00:00+00:00,149.9319763,151.7599945,154.7200012,149.9499969,152.7400055,84442700
2022-09-28 00:00:00+00:00,148.0351105,149.8399963,150.6399994,144.8399963,147.6399994,146691400
2022-09-29 00:00:00+00:00,140.7637939,142.4799957,146.7200012,140.6799927,146.1000061,128138200
2022-09-30 00:00:00+00:00,136.5353088,138.1999969,143.1000061,138,141.2799988,124925300
2022-10-03 00:00:00+00:00,140.7341156,142.4499969,143.0700073,137.6900024,138.2100067,114311700
2022-10-04 00:00:00+00:00,144.3401642,146.1000061,146.2200012,144.2599945,145.0299988,87830100
2022-10-05 00:00:00+00:00,144.6365662,146.3999939,147.3800049,143.0099945,144.0700073,79471000
2022-10-06 00:00:00+00:00,143.6782379,145.4299927,147.5399933,145.2200012,145.8099976,68402200
2022-10-07 00:00:00+00:00,138.4025574,140.0899963,143.1000061,139.4499969,142.5399933,85925600
2022-10-10 00:00:00+00:00,138.7285614,140.4199982,141.8899994,138.5700073,140.4199982,74899000
2022-10-11 00:00:00+00:00,137.3059235,138.9799957,141.3500061,138.2200012,139.8999939,77033700
2022-10-12 00:00:00+00:00,136.6736603,138.3399963,140.3600006,138.1600037,139.1300049,70433700
2022-10-13 00:00:00+00:00,141.2676544,142.9900055,143.5899963,134.3699951,134.9900055,113224000
2022-10-14 00:00:00+00:00,136.71315,138.3800049,144.5200043,138.1900024,144.3099976,88598000
2022-10-17 00:00:00+00:00,140.6946259,142.4100037,142.8999939,140.2700043,141.0700073,85250900
2022-10-18 00:00:00+00:00,142.0184784,143.75,146.6999969,140.6100006,145.4900055,99136600
2022-10-19 00:00:00+00:00,142.1271362,143.8600006,144.9499969,141.5,141.6900024,61758300
2022-10-20 00:00:00+00:00,141.6628265,143.3899994,145.8899994,142.6499939,143.0200043,64522000
2022-10-21 00:00:00+00:00,145.4960785,147.2700043,147.8500061,142.6499939,142.8699951,86548600
2022-10-24 00:00:00+00:00,147.6498108,149.4499969,150.2299957,146,147.1900024,75981900
2022-10-25 00:00:00+00:00,150.5050049,152.3399963,152.4900055,149.3600006,150.0899963,74732300
2022-10-26 00:00:00+00:00,147.5510254,149.3500061,151.9900055,148.0399933,150.9600067,88194300
2022-10-27 00:00:00+00:00,143.0558472,144.8000031,149.0500031,144.1300049,148.0700073,109180200
2022-10-28 00:00:00+00:00,153.8640747,155.7400055,157.5,147.8200073,148.1999969,164762400
2022-10-31 00:00:00+00:00,151.4929657,153.3399963,154.2400055,151.9199982,153.1600037,97943200
2022-11-01 00:00:00+00:00,148.8353577,150.6499939,155.4499969,149.1300049,155.0800018,80379300
2022-11-02 00:00:00+00:00,143.2830505,145.0299988,152.1699982,145,148.9499969,93604600
2022-11-03 00:00:00+00:00,137.2071533,138.8800049,142.8000031,138.75,142.0599976,97918500
2022-11-04 00:00:00+00:00,136.9399414,138.3800049,142.6699982,134.3800049,142.0899963,140814800
2022-11-07 00:00:00+00:00,137.4743347,138.9199982,139.1499939,135.6699982,137.1100006,83374600
2022-11-08 00:00:00+00:00,138.0482788,139.5,141.4299927,137.4900055,140.4100037,89908500
2022-11-09 00:00:00+00:00,133.4664764,134.8699951,138.5500031,134.5899963,138.5,74917800
2022-11-10 00:00:00+00:00,145.3416138,146.8699951,146.8699951,139.5,141.2400055,118854000
2022-11-11 00:00:00+00:00,148.1421509,149.6999969,150.0099945,144.3699951,145.8200073,93979700
2022-11-14 00:00:00+00:00,146.7368927,148.2799988,150.2799988,147.4299927,148.9700012,73374100
2022-11-15 00:00:00+00:00,148.4786072,150.0399933,153.5899963,148.5599976,152.2200012,89868300
2022-11-16 00:00:00+00:00,147.2416382,148.7899933,149.8699951,147.2899933,149.1300049,64218300
2022-11-17 00:00:00+00:00,149.1515503,150.7200012,151.4799957,146.1499939,146.4299927,80389400
2022-11-18 00:00:00+00:00,149.7156067,151.2899933,152.6999969,149.9700012,152.3099976,74829600
2022-11-21 00:00:00+00:00,146.4697266,148.0099945,150.3699951,147.7200012,150.1600037,58724100
2022-11-22 00:00:00+00:00,148.6171417,150.1799927,150.4199982,146.9299927,148.1300049,51804100
2022-11-23 00:00:00+00:00,149.4978943,151.0700073,151.8300018,149.3399963,149.4499969,58301400
2022-11-25 00:00:00+00:00,146.5687103,148.1100006,148.8800049,147.1199951,148.3099976,35195900
2022-11-28 00:00:00+00:00,142.7191925,144.2200012,146.6399994,143.3800049,145.1399994,69246000
2022-11-29 00:00:00+00:00,139.7009125,141.1699982,144.8099976,140.3500061,144.2899933,83763800
2022-11-30 00:00:00+00:00,146.4895172,148.0299988,148.7200012,140.5500031,141.3999939,111380900
2022-12-01 00:00:00+00:00,146.7666168,148.3099976,149.1300049,146.6100006,148.2100067,71250400
2022-12-02 00:00:00+00:00,146.2718353,147.8099976,148,145.6499939,145.9600067,65447400
2022-12-05 00:00:00+00:00,145.104126,146.6300049,150.9199982,145.7700043,147.7700043,68826400
2022-12-06 00:00:00+00:00,141.422821,142.9100037,147.3000031,141.9199982,147.0700073,64727200
2022-12-07 00:00:00+00:00,139.4733124,140.9400024,143.3699951,140,142.1900024,69721100
2022-12-08 00:00:00+00:00,141.1655121,142.6499939,143.5200043,141.1000061,142.3600006,62128300
2022-12-09 00:00:00+00:00,140.6806183,142.1600037,145.5700073,140.8999939,142.3399963,76097000
2022-12-12 00:00:00+00:00,142.9863739,144.4900055,144.5,141.0599976,142.6999969,70462700
2022-12-13 00:00:00+00:00,143.9561768,145.4700012,149.9700012,144.2400055,149.5,93886200
2022-12-14 00:00:00+00:00,141.719696,143.2100067,146.6600037,141.1600037,145.3500061,82291200
2022-12-15 00:00:00+00:00,135.0795288,136.5,141.8000031,136.0299988,141.1100006,98931900
2022-12-16 00:00:00+00:00,133.110199,134.5099945,137.6499939,133.7299957,136.6900024,160156900
2022-12-19 00:00:00+00:00,130.9924927,132.3699951,135.1999969,131.3200073,135.1100006,79592600
2022-12-20 00:00:00+00:00,130.9232178,132.3000031,133.25,129.8899994,131.3899994,77432800
2022-12-21 00:00:00+00:00,134.0404205,135.4499969,136.8099976,132.75,132.9799957,85928000
2022-12-22 00:00:00+00:00,130.8539276,132.2299957,134.5599976,130.3000031,134.3500061,77852100
2022-12-23 00:00:00+00:00,130.487793,131.8600006,132.4199982,129.6399994,130.9199982,63814900
2022-12-27 00:00:00+00:00,128.6768494,130.0299988,131.4100037,128.7200012,131.3800049,69007800
2022-12-28 00:00:00+00:00,124.728363,126.0400009,131.0299988,125.8700027,129.6699982,85438400
2022-12-29 00:00:00+00:00,128.2612305,129.6100006,130.4799957,127.7300034,127.9899979,75703700
2022-12-30 00:00:00+00:00,128.5778809,129.9299927,129.9499969,127.4300003,128.4100037,77034200
